Account Name,Build Name
UFC Gym,ufcGym
Texas Roadhouse,TexasroadHouse
Epcon Franchising,epconCommunities
Amerispec Home Inspection Services,amerispec
Caribou Coffee,CaribouCoffee
Hobbytown,HobbyTown
"Culver Franchising System, Inc.",Culvers
European Wax Center,EuropeanWaxcenter
Fastsigns1,FastSigns
Furniture Medic,FurnitureMedicSaaS
Keller Williams Realtors,KellerwilliamsRealtors
KOA / Kampgrounds of America,KampgroundsofAmerica
Mighty Auto Parts,MightyAutoparts
Patchmaster,PatchMaster
Massageluxe,MassageLuxe
Taco John's,tacoJohns
Green Home Solutions,greenHomeSolutions
Medi - Weightloss,MediWeightLoss
Steamatic,Steamatic
Batteries Plus Bulbs,batteriesplus
Hooters of America,hootersOfAmerica
Children's Lighthouse Learning Center,ChildrensLighthouse
Lawn Doctor,
The Pizza Ranch,pizzaRanch
Buffalo Wings & Rings,buffaloWingsAndRings
Massage Envy,massageEnvy
Jamba Juice,JambaJuice
Blaze Pizza,
Potbelly Sandwich Works,potbelly
The Melting Pot,MeltingPot
American Family Care,americanFamilyCare
Panera Bread,PaneraBread
Papa John's,PapaJohnsprod
Barre3,Barre3
Smashburger,Smashburger
Qdoba Mexican Grill,QdobaMexicanGrill
Certapro Painters,CertaPropainters
Jackson Hewitt Tax Service,jacksonHewittTaxService
Floor Coverings International,floorCoveringsInternational
Pet Supplies Plus,PetSuppliesPlus
Hand & Stone Massage And Facial Spa,HandAndStone
Hungry Howie's Pizza & Subs,HungryHowies
Checkers Drive-In Restaurants,checkers
Big O Tires,BigOTires
U.S. Lawns,usLawns
Jersey Mike's Subs,JerseyMikes
Subway,Subway
Circle K,circleK
Sweet & Sassy,SweetandSassy
"Pita Pit Franchising, LLC (Pita Pit USA)",pitaPit
Huddle House Restaurants,AscentHospitalitymanagement
School Of Rock,schoolOfRock
Wendy's,
Menchie's Frozen Yogurt,Menchies
Freedom Boat Club,FreedomBoatClub
Pure Barre,pureBarre
Workout Anytime 24/7,WorkoutAnytime
Office Pride,OfficePride
Penn Station East Coast Subs,PennStation
Svn Real Estate (Sperry Van Ness),SperryVanNess
Sport Clips,SportClips
Fresh Coat,FreshCoat
Firstlight Homecare,
Expense Reduction Analysts,ExpenseReduction
Creative Colors International,CreativeColorsintl
Verlo Mattress,VerloMattress
A&W Restaurants,awRestaurants
Grease Monkey International,greaseMonkey
The Tutoring Center,TutoringCenter
I9 Sports,i9Sports
Property Management Inc. (PMI),propertyManagementInc
Oxi Fresh Carpet Cleaning,OxiFresh
Cici's Pizza,
Snap-On,SnapOn
"Bojangles' Restaurants, Inc.",BojanglesRestaurant
Canteen Compass,canteenCompass
Church's Chicken,churchsChicken
Comfort Keepers,comfortKeepers
Extramile Convenience Stores,ExtraMileConvenienceStores
El Pollo Loco,ElPolloLoco
Gold's Gym,GoldsGym
Griswold Home Care,griswoldSpecialCare
Home Helpers,HomeHelpers
Housemaster,
Line-X,LineX
Long John Silver's,
Merry Maids,merrymaids
Perkins Restaurant & Bakery,Perkins
Pop-A-Lock,PopAlock
Synergy Homecare,synergyHomecareFranchising
Visiting Angels,VisitingAngels(ARC)
Wetzel's Pretzels,wetzelsPretzels
Galardi Group,galardiGroup
Wingstop Restaurants,wingstopRestaurants
Wireless Zone,wirelessZone
1-800-Junkpro,1800JunkPro
Abrakadoodle,abrakadoodle
Alignlife Systems,AlignLife
Aroma Joe's Franchising LLC,Aromajoes
Beans & Brews Coffee House,BeansandBrews
Ben & Jerry's,BenJerry
Blo Blow Dry Bar,BloblowDrybar
Bricks & Minifigs,BricksandMinifigs
Buddy's Home Furnishings,BuddyshomeFurnishing
California Closets,californiaClosets
Camp Bow Wow,campBowWow
Capriotti's Sandwich Shop,Capriottis
Central Bark Doggy Day Care,CentralBark
Duck Donuts,DuckDonuts
Dunn Brothers Coffee,DunnBrothers
Eggs Up Grill,EggsUpGrill
Eileen's Colossal Cookies,EileensColossalcookies
Expedia CruiseShipCenters USA Inc.,expediaCruiseShipCenters1
Fastest Labs,fasTesFranchiseSystemsLlc
Freddy's Frozen Custard & Steakburgers,FreddysSteakburgers
Hallmark Homecare,HallmarkHomecare
Instant Imprints,instantImprints
Juice It Up,juiceItUpBalboaBrands
Just Between Friends,JustBetweenFriends
K-9 Resorts Daycare & Luxury Hotel,k9FranchisingLlc
Keyrenter Property Management,KeyrenterPropertyManagement
La Madeleine Country French Cafe,LaMadeleine
Windowhero,
Lee's Famous Recipe Chicken,LeesFamousRecipeChicken
Mainstream Boutique,mainstreamFashions
Millicare Floor And Textile And Carpet Care,MilliCare
Money Pages,MoneyPages
Monster Tree Services,
Mountain Mike's Pizza,MountainMikesPizza
Nothing Bundt Cakes,NothingBundtCakes
Nty Franchise Company,ntyfranchise
Nurse Next Door Home Healthcare Services (USA) Inc.,NurseNextdoor
Omega Learning Center,OmegaLearningCenter
Paris Baguette,ParisBaguette
Paul Davis Emergency Services,PaulDavis
Phenix Salon Suites,PhenixSalonSuites
Philly Pretzel Factory,phillySoftPretzelFactory
Pirtek USA,pirtek
Potato Corner,PotatoCorner
Prosource Wholesale,ProSource
Lightbridge Academy,lightbridgeAcademy
Rainbow Station (Leafspring),rainbowStation
Robeks Fresh Juices & Smoothies,Robeks
Ruby's Diner,RubysDiner
Rytech,Rytech
Salsarita's Fresh Mexican Grill,Salsarita
Shine Window Care,ShineWindowCare
Skyline Chili,SkylineChili
Storm Guard Roofing and Construction,StormGuard
Teriyaki Madness,TeriyakiMadness
Honeybaked Ham,HoneyBakedHam
"Human Bean Drive Thru, The",theHumanBean
"Joint Chiropractic, The",theJoint
The Lash Lounge,
Restore Cryotherapy,RestoreCryotherapy
Salon Professional Education Company,SalonProfessionalAcademy
"Spice & Tea Exchange, The",SpiceandTea
Woodhouse Spas Corporation,WoodHouseDaySpa
Tint World,tintWorld
Tous Les Jours,TousLesJours
Victory Lane Quick Oil Change,victoryLane
Vital Care,VitalCare
Vitality Bowls,VitalityBowls
Wild Eggs,WildEggs
Window World,windowWorld
World Gym International,WorldGym
Young Rembrandts,YoungRembrandts
The Dapper Doughnut,DapperDoughnut(Gramcor)
Re-Bath,rebath
Annex Brands,annexBrands
Bebalanced,bebalanced
Comfort Keepers Canada,comfortKeepersCanada
SPB Hospitality,SPBHospitality
Recipe Unlimited,caraBrands
Cke Restaurants,CkeRestaurants
Mbe Worldwide,Mailboxesww
Pool Scouts,poolScouts
Senior Helpers - Australia,seniorHelpersAustralia
241 Pizza,
Abercrombie & Fitch,
A&W Food Services Of Canada,AW
"Ballard Brands, Llc",ballardBrandsLlc
Basecamp Franchising,BasecampFranchising
BELFOR ENVIRONMENTAL INC.,BFG(HRI)
Bento Sushi,BentoSushi
Bishops Cuts / Color,bishopsManagement
BNI Global,BniGlobal
Bobby's Burgers,BobbyBurgers
Buttermilk Sky Pie Shop,buttermilkSkyPieFranchisingInc
Buzz Franchise Brands,
J.D. Byrider,jDByrider
Cc's Coffee House,CCSCoffeeHouse
Celebree Learning Centers,Celebree
Chill-N Nitrogen Ice Cream,ChillNIceCream
Collective Wellness Group,collectiveWellness
D3H Hotels,d3HHotels
Driven Brands Inc.,drivenBrandsInc
Generator Supercenter,GeneratorSupercenter
Housedoctors,housedoctors
"Huey Magoo's Restaurants, LLC",HueyMagoos
Icode School,IcodeSchool
Innovative Fitness,InnovativeFitness
Fast-Fix Jewelry & Watch Repairs,FastFix
Juici Patties USA,JuiciPatties
"Kahala Management, LLC",Kahala
Kumon Center,kumonNorthAmerica
Lift Brands,LiftBrands
Moxie Salon & Beauty Bar,MoxieFranchising
"Pickup Usa Franchise Company, LLC",PickupUsa
Primrose Schools,PrimroseSchools
Retail Food Group,
Servicemaster Residential/Commercial Services Limited Partnership,servicemasterBrands
Shoney's Restaurants,ShoneysRestaurant
Simple Simon's Pizza,SimpleSimonsPizza
The Symposium Cafe Inc,
Neighborly,Neighborly
The Halal Guys,HalalGuys
Wellbiz Brands,wellBizBrands
Altitude Trampoline Park (ATP),AtpFranchising
"Brix Holdings, LLC",BrixHoldings
Bubbakoo's Burritos,BubbakoosBurritos
Cornwell Quality Tools,CornwellTools
Famous Brands,FamousBrand
Fujisan Asian Bar,Fujisan
The Growth Coach,TheGrowthcoach
Wonderfield Group,WonderfieldGroup
Monster Mini Golf,MonsterminiGolf
Play Street Museum,PlayStreetMuseum
Realty One Group,RealtyOnegroup
Rhea Lana's,RheaLanas
Senior Helpers,seniorhelpers
Sport Clips Canada,SportclipsCanada
Storage Authority,StorageAuthority
Streamline Brands,StreamlineBrands
Stretch Zone,StretchZone
Surcheros Fresh Grill,Surcheros
Swig,Swig(SavorySwig)
Walk-On's Bistreaux & Bar,WalkOns
Pokeworks,Pokeworks
Sam The Concrete Man,SamTheconcreteman
Truly Nolen,TrulyNolen
Rock N Roll Sushi,RocknrollSushi
Color World Housepainting,ColorworldHousepainting
Liberty Tax Service,LibertyTax
Port Of Subs,PortOfSubs
Express Employment Professionals (Express Services),ExpressProfessionals
Deka Lash,DekaLash
"FAT Brands, Inc.",
Clothes Bin,ClothesBin
Fantastic Sams,FantasticSams
Poolwerx (Franchise Management),poolwerxAUS
Title Boxing Club,titleBoxingClubIntl
Strategic Franchising Systems,
Focus Brands (GoTo Foods),FocusBrandsOpener
Code Ninjas,CodeNinjas
Pet Valu,PetValu
Chicken Salad Chick,ChickenSaladchick
Coffee Bean And Tea Leaf,CoffeeBean
Soul Origin,SoulOrigin
Max Brenner,MaxBrenner
Smoothie King,SmoothieKing
Chevron,
Giovanni's Pizza,GiovanniPizza
Sonesta Hotels,Sonesta
Magnolia Bakery,MagnoliaBakery
Bark Busters,BarkBusters
Boston Pizza International Inc.,BostonPizza
Shipley Do-Nuts,ShipleyDonuts
Honest Abe Roofing,HonestAberoofing
Healthsource Chiropractic,HealthSource
Pandora,Pandora
Suncor,SuncorEnergyServices
Fleet Feet Sports,fleetFeetInc
Sonny's Real Pit Bar-B-Que,SonnysBbq
Burn Boot Camp,burnBootCamp
Speedpro Imaging,SpeedPro
SystemForward America,SystemForward
Matchpoint,matchpoint
"Kilwin's Chocolates Franchise, Inc.",Kilwins
Jollibee (Honeybee Foods Corporation),Jollibee
Opa! Of Greece,OpaofGreece
"Ruth's Hospitality Group, Inc. (Ruth's Chris Steak House)",
Rent-A-Center,rentACenter
101 Mobility,101Mobility
Teams Of Tomorrow,teamsOfTomorrow
Emerging Vision (Sterling Optical),EmergingVision
Angry Crab,AngryCrabShack
Buff City Soap,BuffCitySoap
"Servpro Industries, Inc.",Servpro
Woofies,Woofies
Town Square,TownSquareFC
Stoner's Pizza Joint,StonersPizzaJoint
Home Clean Heroes,HomeCleanHeroes
Big Blue Swim School,BigBlueSwimSchool
One You Love Homecare,OneyouloveHomecare
Sinelli Concepts,SinelliConcepts
Riko's Pizza,RikosPizza
Smoke's Poutinerie Inc.,SmokesPoutinerie
Rita's Ice-Custard-Happiness,RitasIce
Touching Hearts At Home,TouchingHeartsathome
Pet Wants,petwants
Pinch A Penny,PinchaPenny
Tropical Smoothie Cafe,TropicalSmoothie
Brandone Franchise Development,BrandOne
Sbarro LLC,Sbarro
Xponential Fitness Inc,XponentialFitness
Trublue,TruBlue
Federal Donuts,FederalDonuts
Franchise Services Inc.,FranServ
Chairman's Brands,Chairmansbrands(241 Pizza)
Cinch I.T.,CinchIT
Fyzical Therapy & Balance Centers,fyzical
Twin Peaks Restaurants,twinRestaurant
Precision Tune Auto Care,precisionAutoCare
Dine Brands Global,
Mr Mikes Steakhouse Casual,MrmikesSteakhouse
Fiiz Drinks,FiizDrinks
"Darden Restaurants, Inc.",
Wingers Grill & Bar,WingerBros
Little Caesars (LCE),LittleCaesars
Tierra Encantada,TierraEncantada
Oxygen Yoga & Fitness,OxygenyogaandFitness
EcoPest,
Boost Juice Australia,
Jax Tyres Service Centres,JaxTyres
"Authority Brands, LLC",clockworkdirectEnergy
Gelatissimo,
Isi Elite Training,IsiElitetraining
Little Kitchen Academy,LittleKitchenAcademy
Self Esteem Brands,SelfesteemBrands
Radfield Home Care,Radfield
Upgrade Labs,UpgradeLabs
Neighborhood Barre,Neighborhood-Barre
Jeremiah's Italian Ice,JeremiahsItalianIce
Hteao,HTeaO
Feng Cha,FengCha
Mobility Plus,MobilityPlus
100% Chiropractic,100percentDoc
"IN THE SAUCE BRANDS, INC.",IntheSauce
Circustrix (Skyzone),Circustrix
Zambrero,Atlas
Jreck Subs,JreckSubs
The Coffee Club,
San Churro,
Playa Bowls,PlayaBowls
Signs Express Ltd,SignsExpress
Ladybird Academy,LadybirdAcademy
Narellan Pools,
Craveable Brands,
Aramark,
Hog's Breath Cafe,
Sushi Sushi,SushiSushi
Laser Clinics Australia,
Shoot 360,shoot360
Nutrishopusa,NutrishopUSA
Painter1,Painter1
Nick The Greek,NickTheGreek
Tutu School,TutuSchool
Mad Mex,MadMex
Anytime Fitness Uk,AnytimeFitnessuk
Donutnv,DonutNV
BurgerFuel,TheBun
Velvet Taco,
United Petroleum,
Caring Transitions,caringTransitions
Salad Collective dba Mad Greens,MadGreens
Bodybar Fitness,BodyBar
Escapology,Escapology
The Source Bulk Foods,
Restopros,RestoPros
Imo's Pizza,ImosPizza
Smash Brothers (Crushr),Crushr
Mosquito Authority,AuthorityFranchiseholdings(MainLineBrands)
Brightstar Care,brightstar
Urbane Cafe,UrbaneCafe
Denny's,Dennys
Homewell Senior Care,HomeWell
Interstate Batteries Distributor,interstateBattery
Planet Fitness,
PuroSystems (dba PuroClean),PuroClean
Best Choice Roofing,BestChoiceRoofing
Confie,Confie
The Dripbar,DripBar
Iron Valley Real Estate,IronvalleyRealestate
Qc Kinetix,QcKinetix
Think Huntington,martinizing
Heyday Skincare,HeydaySkincare
Kava Culture Kava Bar,KavaCulture
Access Garage Doors,AccessGaragedoors
H&H Bagels,HHBagels
Serotonin Enterprise Llc,SerotoninCenters
Bitty & Beau's Coffee,BittyandBeausCoffee
Maple Bear,MapleBear
Mike Holmes Inspections,HolmesInspection
Aimbridge Hospitality LLC,
Inter-State Studio & Publishing Co.,InterstateStudio
Big Chicken,BigChicken
Next Step Franchising (Clean Franchise Brands),cleanfranchisebrands
Live Hydration Spa,LivehydrationSpa
Starbird Chicken,StarbirdChicken
Southern Classic Chicken,SouthernClassicChicken
Smalls Sliders,SmallsSliders
Ellie Mental Health,EllieMentalhealth
Kidstrong,Kidstrong
Larks Entertainment,LarksEntertainment
Wing Snob,WingSnob
Curry Pizza House,CurryPizzaHouse
Bosch,Bosch
Propelled Brands,PropelledBrands(FastSigns)
Happinest Brands,Happinest
Sweathouz,Sweathouz
ClusterTruck,ClusterTrunk
Sip Fresh,sipfreshfranchising
The Designery (A1 Kitchen and Bath),
Hawaiian Bros,HawaiianBros
Buona Restaurants,BuonaRestaurants
FSC Franchise Company,FscFranchisecompany
Area 15 Ventures LLC,DaddysChickenshack
Pizza Rock,SliceHouse(PizzaRock)
Far & Dotter,
Relive Health,ReliveHealth
Lancaster Cupcake,LancasterCupcake
Snooze Mattress,SnoozeMattress
Five Iron Golf,FiveIrongolf
"Life Saver Franchising, Inc",LifeSaver
Homefront Brands (Labor Panes),LaborPanes(HomeFront Brands)
Vicious Biscuit,ViciousBiscuit
Stena Group LLC,FiizDrinks2
ETS Performance,ETSPerformance
McLane Foodservice,
Nando?s South Africa and Licenced Markets,
APCO,
Miss Maud,
PFD Foods,
InstantScripts Pty,
Supplement King Canada,SupplementKingCa
Adairs,
Boardriders,
UNIQLO,
Clear Skincare Clinics,
Studio Pilates,
Fone King,
The Groove Train,
We Are Kinetic,
Accent Group,
TEEG,levelup
On Deck Concepts,
Bendon,
Lincraft,
Hungry Jack's,
Best & Less,
Greyhound Australia,
Capella Hotel Group,
Burson Auto Parts,
Boss Group,
Mister Minit AU,Fredspace
ASICS America Corporation,
Storage King,
YMCA Whittlesea,
Kurrajong,
Rewards Hospitality,
Dusk Australasia,
Snooze,
Ally Fashion,
Bubba Pizza,
Dome Cafe Group,
Bay Audio,
Walker's Doughnuts,
Zarraffa's Coffee,brewiq(ZarraffasCoffee)
Vantage Fuels,
Amart Furniture Pty,
Conquest Sports,
Southern Cross Protection Pty. Ltd.,
Grill'd Healthy Burgers,
Body Catalyst,CatalystConnect
Kangaroo Bus Lines,
Burrito Bar,
Spudshed,
Joe's Garage,
Honey Birdette,
Tamex Transport,
Global Retail Brands,
The Lynch Group,
Foxtel,
TradeTools Pty,
ProVision Eyecare,
Home Timber & Hardware Group,
Greencross Pty Limited,
Physio INQ,
Salamander Hotels & Resorts,
Postie+,
Endota,
Jaycar Pty,
Essential Beauty,
Lovisa Australia,
The Sydney Collective,
Concept Eight,
Gregory Jewellers,
Wild Wing,WildwingRestaurants
The Little Gym Europe,TheLittleGymEurope
Fuse Franchising Inc.,FuseFranchisingInc
Extraordinary Brands,ExtraordinaryBrands
Restore Hyper Wellness,RestoreHyperWellness
OHM Fitness,OhmFitness
Signature Homes,
Bapcor,
Hairhouse,
Sharetea Australia,
Auto One Australia,
Cash Converters,
Salsa's,
Boost Juice International,
Banjo's Bakery Cafe,
Shaver Shop,
Betty's Burgers,
Phoenix Franchise Brands,PhoenixFranchiseBrand
C!NC,
Pickerings Group of Companies,Pickhub
Plaza Premium Group,
Rory's School Lunches,
Takagi Ramen,
Ultraceuticals,
X Convenience,
D'Albora Marinas (MA Marina Fund),
Fantastic Furniture Pty Ltd,learninglounge
Goodyear Australia,
Hanes Australasia,
Lotte Duty Free,
Sussan Group,
Wind Creek Hospitality,
Academy Sports + Outdoors,
Bluegreen Corporation,
Atc Healthcare Services,AtchealthcareServices
The Breakers,
X Golf,XGolfSimulator
Abm,ABM
"Temp Wall Systems, LLC",
Smile Doctors LLC,
Wonderly lights,GrandIlluminations(WonderlyLights)
The Haven Collection,TheHavencollection
Out West RG,
Futuresleep,
Sigma Healthcare,
Atrium Hospitality,
SPARC Group,
Alquemie Group,
Tahua Partners,
Premium Service Brands,PremiumServicebrands
Mathnasium Learning Centers,MathnasiumLearningcenter
Bin There Dump That,BinThereDumpThat
Bonchon Chicken,BonChon
"Orangetheory Fitness (Ultimate Fitness Group, LLC)",orangetheoryFitness
Ziebart,Ziebart
Zaxby's,Zaxbys
Starbucks Coffee Company,
Loob Holding,
KX Pilates,KXPilates
The Jewellery Group,
Vivo Hair & Beauty,
Christian Brothers Automotive,ChristianbrothersAutomotive
Hertz,Hertz
Anytime Fitness New Zealand,anytimefitnessnz
TCB Franchising,
Wagbar Franchising LLC,WagbarFranchising
Cornerstone Caregiving,CornerstoneCaregiving
The Picklr,Thepicklr
Movita Juice Bar,MovitaJuiceBar
PetSmart,PetSmart
Nation's Giant Hamburgers,NationsGiantHamburgers
Voda Cleaning & Restoration,VODACleaning
Youth Enrichment Brands,
Ginger Ale's,GingerAles
Univista Insurance,UnivistaInsurance
Content Recovery Specialists,ContentRecoverySpecialists
Yogurtland Franchising,YogurtLand
British Swim School,BritishSwimschool
Al Aseel,AlAseel
Our Town Hospitality,
Sodexo - United States,
College Hunks Hauling Junk (Chhj),collegeHunksHaulingJunkAndMoving
Apple Spice,AppleSpice
Dickey's Barbecue Restaurants,dickeys
CIBO Espresso,
Green + The Grain,GreenAndTheGrain
Naz's Halal Food,NazsHalalFood
Accurate Leak and Line,AccurateLeak
Do The Beach,DoTheBeach
"HomeSmiles Franchising, LLC",HomeSmiles
Onyva,Onyva
Jeff's Bagel Run,JeffsBagelRun
Refine Med Aesthetics,RefineMedAesthetics
Integrity Building Companies,IntegrityBuildingCompanies
Eversmith Brands,EversmithBrands
Parlor Doughnuts,ParlorDoughnuts
Luby's Culinary Services.,
ASI Food Safety Consultants,
Seaside Healthcare,
Campbell Soup,
National Association of Insurance and Financial Advisors,
Fury Water Adventures,
Tito's Handmade Vodka,
Oberoi Hotels & Resorts,
CoreCivic,
Peco Foods,
SCS Global Services,
Crown Linen,
Smithfield Foods,
National Cities Corporation,
SafeCheck Brand Protection,
Frank Pepe Pizzeria Napoletana,
Sodexo - Belgium,
South Carolina Department of Health and Environmental Control,
Sodexo - Government Services,
Sodexo - Netherlands,
The Citadel,
Great Lakes Cheese Company,
The Original Consulting Co,
SGS Germany GmbH,
Concept99,
Nivek Services (1800 Textiles),NivekServices
Chatime US,ChatimeUS
SkyWest Airlines,
Success Tutoring,successtutoring
Wildsoul Wellness,WildsoulWellness
Panda Hot Pot,
Jabal Coffee,JabalCoffee
Juici Patties Jamaica,JuiciPattiesJamaica
Castle Rock Hormone Health,CastleRockHormoneHealth
Blue Sage,BlueSage
Applebee's Franchisees (under Dine),
IHOP Franchisees (under Dine),
Anderson Longevity Clinic,AndersonLongevityClinic
Little Diggers Play Space,littlediggersplayspace
Bardell Holdings,BardellHoldings (OnemidatLantic)
EL&N London,ELNLondon
Zooba,ZoobaEats
Recovery Solutions,
Whits Custard,WhitsCustard
Cornerstone Franchise Brands,firstlightHomecare
Constant,ConstantSecurity
P3 Recovery,p3recovery
Fraemohs Homes,FraemohsHome
"BBQ Holdings, Inc.",BBQPmi
"Wyndham Hotels & Resorts, Inc.",
"Limitless Franchise Growth, LLC",lfg.franconnect.net
